"","ID","DataType","ORIGINAL_TraitID","ORIGINAL_TraitDefinition","TraitValue","TraitUnit","N_TraitValue","ConTaxa","ResTaxa","ConTaxaStage","ResTaxaStage","Con_ForagingMovement","Con_RESDetectionDimensionality","Res_ForagingMovement","Res_CONDetectionDimensionality","CON_MASS_value","RES_MASS_value","ResArenaSize_SI_UNIT","ResDensity_SI_VALUE","ResDensityUnit","ResDensity","ResArenaSize_SI_VALUE","ConTemp","ResTemp","ResReplaceRate","ResReplaceUnit","ResReplace","TraitSIValue","TraitSIUnit","N_TraitID","N_TraitConversion","N_CONVERTED","N_TraitUnit","Original_ErrorValue","Original_ErrorValueUnit","Replicates","ConTaxon","ConStage","ConCommon","Con_MovementDimensionality","Con_Thermy","Res_MovementDimensionality","ResTaxon","ResStage","ResCommon","Res_Thermy","Habitat","LabField","ObservationtimeSI","ObservationtimeSIUnits","ConStarvationTimeSI","ConStarvationTimeSIUnits","ConArenaSiz_VALUE","ConArenaSize_UNIT","ConDensity","ConDensityUnit","ConDensity_SI_VALUE","ConDensityConst","ConSizType","CON_ORIGINAL_value","CON_ORIGINAL_unit","Con_Siz_reference","ResSizType","RES_ORIGINAL_value","RES_ORIGINAL_unit","Res_Siz_reference","Citation","FigureTable"
"2270",40042,"new","Resource Consumption Rate","The number of resource consumed per number of consumers per time",10,"individual / (1 individual * 4 hour)",0.000694444,"Macrobiotus richtersi Murray 1911","Acrobeloides nanus ????","Macrobiotus richtersi Murray 1911 [adult]","Acrobeloides nanus ???? [adult]","active","surface","active","surface",1.07e-08,2.8e-11,"square meter",1265.822785,"Individuals per arena",10,0.0079,20,20,NA,"","no",NA,NA,NA,NA,NA,NA,NA,"",1,"Macrobiotus richtersi","Adult","Tardigrade","2D","ectotherm","2D","Acrobeloides nanus","adult","nematode","ectotherm","Freshwater","Laboratory",14400,"seconds",259200,"seconds",79,"square cm",1,"individuals per arena","","Yes","wet mass","10.7","microgram","from author","wet mass",28,"nanogram","from author","Jeschke J. M. and K. Hohberg. 2008. Predicting and testing functional responses: An example from a tardigrade-nematode system. Basic and Applied Ecology 9:145-151.","from author"
"2271",40042,"new","Resource Consumption Rate","The number of resource consumed per number of consumers per time",8,"individual / (1 individual * 4 hour)",0.000555556,"Macrobiotus richtersi Murray 1911","Acrobeloides nanus ????","Macrobiotus richtersi Murray 1911 [adult]","Acrobeloides nanus ???? [adult]","active","surface","active","surface",1.07e-08,2.8e-11,"square meter",1265.822785,"Individuals per arena",10,0.0079,20,20,NA,"","no",NA,NA,NA,NA,NA,NA,NA,"",1,"Macrobiotus richtersi","Adult","Tardigrade","2D","ectotherm","2D","Acrobeloides nanus","adult","nematode","ectotherm","Freshwater","Laboratory",14400,"seconds",259200,"seconds",79,"square cm",1,"individuals per arena","","Yes","wet mass","10.7","microgram","from author","wet mass",28,"nanogram","from author","Jeschke J. M. and K. Hohberg. 2008. Predicting and testing functional responses: An example from a tardigrade-nematode system. Basic and Applied Ecology 9:145-151.","from author"
"2272",40042,"new","Resource Consumption Rate","The number of resource consumed per number of consumers per time",10,"individual / (1 individual * 4 hour)",0.000694444,"Macrobiotus richtersi Murray 1911","Acrobeloides nanus ????","Macrobiotus richtersi Murray 1911 [adult]","Acrobeloides nanus ???? [adult]","active","surface","active","surface",1.07e-08,2.8e-11,"square meter",1265.822785,"Individuals per arena",10,0.0079,20,20,NA,"","no",NA,NA,NA,NA,NA,NA,NA,"",1,"Macrobiotus richtersi","Adult","Tardigrade","2D","ectotherm","2D","Acrobeloides nanus","adult","nematode","ectotherm","Freshwater","Laboratory",14400,"seconds",259200,"seconds",79,"square cm",1,"individuals per arena","","Yes","wet mass","10.7","microgram","from author","wet mass",28,"nanogram","from author","Jeschke J. M. and K. Hohberg. 2008. Predicting and testing functional responses: An example from a tardigrade-nematode system. Basic and Applied Ecology 9:145-151.","from author"
"2273",40042,"new","Resource Consumption Rate","The number of resource consumed per number of consumers per time",8,"individual / (1 individual * 4 hour)",0.000555556,"Macrobiotus richtersi Murray 1911","Acrobeloides nanus ????","Macrobiotus richtersi Murray 1911 [adult]","Acrobeloides nanus ???? [adult]","active","surface","active","surface",1.07e-08,2.8e-11,"square meter",1265.822785,"Individuals per arena",10,0.0079,20,20,NA,"","no",NA,NA,NA,NA,NA,NA,NA,"",1,"Macrobiotus richtersi","Adult","Tardigrade","2D","ectotherm","2D","Acrobeloides nanus","adult","nematode","ectotherm","Freshwater","Laboratory",14400,"seconds",259200,"seconds",79,"square cm",1,"individuals per arena","","Yes","wet mass","10.7","microgram","from author","wet mass",28,"nanogram","from author","Jeschke J. M. and K. Hohberg. 2008. Predicting and testing functional responses: An example from a tardigrade-nematode system. Basic and Applied Ecology 9:145-151.","from author"
"2274",40042,"new","Resource Consumption Rate","The number of resource consumed per number of consumers per time",10,"individual / (1 individual * 4 hour)",0.000694444,"Macrobiotus richtersi Murray 1911","Acrobeloides nanus ????","Macrobiotus richtersi Murray 1911 [adult]","Acrobeloides nanus ???? [adult]","active","surface","active","surface",1.07e-08,2.8e-11,"square meter",1265.822785,"Individuals per arena",10,0.0079,20,20,NA,"","no",NA,NA,NA,NA,NA,NA,NA,"",1,"Macrobiotus richtersi","Adult","Tardigrade","2D","ectotherm","2D","Acrobeloides nanus","adult","nematode","ectotherm","Freshwater","Laboratory",14400,"seconds",259200,"seconds",79,"square cm",1,"individuals per arena","","Yes","wet mass","10.7","microgram","from author","wet mass",28,"nanogram","from author","Jeschke J. M. and K. Hohberg. 2008. Predicting and testing functional responses: An example from a tardigrade-nematode system. Basic and Applied Ecology 9:145-151.","from author"
"2275",40042,"new","Resource Consumption Rate","The number of resource consumed per number of consumers per time",8,"individual / (1 individual * 4 hour)",0.000555556,"Macrobiotus richtersi Murray 1911","Acrobeloides nanus ????","Macrobiotus richtersi Murray 1911 [adult]","Acrobeloides nanus ???? [adult]","active","surface","active","surface",1.07e-08,2.8e-11,"square meter",1265.822785,"Individuals per arena",10,0.0079,20,20,NA,"","no",NA,NA,NA,NA,NA,NA,NA,"",1,"Macrobiotus richtersi","Adult","Tardigrade","2D","ectotherm","2D","Acrobeloides nanus","adult","nematode","ectotherm","Freshwater","Laboratory",14400,"seconds",259200,"seconds",79,"square cm",1,"individuals per arena","","Yes","wet mass","10.7","microgram","from author","wet mass",28,"nanogram","from author","Jeschke J. M. and K. Hohberg. 2008. Predicting and testing functional responses: An example from a tardigrade-nematode system. Basic and Applied Ecology 9:145-151.","from author"
"2276",40042,"new","Resource Consumption Rate","The number of resource consumed per number of consumers per time",6,"individual / (1 individual * 4 hour)",0.000416667,"Macrobiotus richtersi Murray 1911","Acrobeloides nanus ????","Macrobiotus richtersi Murray 1911 [adult]","Acrobeloides nanus ???? [adult]","active","surface","active","surface",1.07e-08,2.8e-11,"square meter",1265.822785,"Individuals per arena",10,0.0079,20,20,NA,"","no",NA,NA,NA,NA,NA,NA,NA,"",1,"Macrobiotus richtersi","Adult","Tardigrade","2D","ectotherm","2D","Acrobeloides nanus","adult","nematode","ectotherm","Freshwater","Laboratory",14400,"seconds",259200,"seconds",79,"square cm",1,"individuals per arena","","Yes","wet mass","10.7","microgram","from author","wet mass",28,"nanogram","from author","Jeschke J. M. and K. Hohberg. 2008. Predicting and testing functional responses: An example from a tardigrade-nematode system. Basic and Applied Ecology 9:145-151.","from author"
"2277",40042,"new","Resource Consumption Rate","The number of resource consumed per number of consumers per time",9,"individual / (1 individual * 4 hour)",0.000625,"Macrobiotus richtersi Murray 1911","Acrobeloides nanus ????","Macrobiotus richtersi Murray 1911 [adult]","Acrobeloides nanus ???? [adult]","active","surface","active","surface",1.07e-08,2.8e-11,"square meter",1265.822785,"Individuals per arena",10,0.0079,20,20,NA,"","no",NA,NA,NA,NA,NA,NA,NA,"",1,"Macrobiotus richtersi","Adult","Tardigrade","2D","ectotherm","2D","Acrobeloides nanus","adult","nematode","ectotherm","Freshwater","Laboratory",14400,"seconds",259200,"seconds",79,"square cm",1,"individuals per arena","","Yes","wet mass","10.7","microgram","from author","wet mass",28,"nanogram","from author","Jeschke J. M. and K. Hohberg. 2008. Predicting and testing functional responses: An example from a tardigrade-nematode system. Basic and Applied Ecology 9:145-151.","from author"
"2278",40042,"new","Resource Consumption Rate","The number of resource consumed per number of consumers per time",2,"individual / (1 individual * 4 hour)",0.000138889,"Macrobiotus richtersi Murray 1911","Acrobeloides nanus ????","Macrobiotus richtersi Murray 1911 [adult]","Acrobeloides nanus ???? [adult]","active","surface","active","surface",1.07e-08,2.8e-11,"square meter",3164.556962,"Individuals per arena",25,0.0079,20,20,NA,"","no",NA,NA,NA,NA,NA,NA,NA,"",1,"Macrobiotus richtersi","Adult","Tardigrade","2D","ectotherm","2D","Acrobeloides nanus","adult","nematode","ectotherm","Freshwater","Laboratory",14400,"seconds",259200,"seconds",79,"square cm",1,"individuals per arena","","Yes","wet mass","10.7","microgram","from author","wet mass",28,"nanogram","from author","Jeschke J. M. and K. Hohberg. 2008. Predicting and testing functional responses: An example from a tardigrade-nematode system. Basic and Applied Ecology 9:145-151.","from author"
"2279",40042,"new","Resource Consumption Rate","The number of resource consumed per number of consumers per time",21,"individual / (1 individual * 4 hour)",0.001458333,"Macrobiotus richtersi Murray 1911","Acrobeloides nanus ????","Macrobiotus richtersi Murray 1911 [adult]","Acrobeloides nanus ???? [adult]","active","surface","active","surface",1.07e-08,2.8e-11,"square meter",3164.556962,"Individuals per arena",25,0.0079,20,20,NA,"","no",NA,NA,NA,NA,NA,NA,NA,"",1,"Macrobiotus richtersi","Adult","Tardigrade","2D","ectotherm","2D","Acrobeloides nanus","adult","nematode","ectotherm","Freshwater","Laboratory",14400,"seconds",259200,"seconds",79,"square cm",1,"individuals per arena","","Yes","wet mass","10.7","microgram","from author","wet mass",28,"nanogram","from author","Jeschke J. M. and K. Hohberg. 2008. Predicting and testing functional responses: An example from a tardigrade-nematode system. Basic and Applied Ecology 9:145-151.","from author"
"2280",40042,"new","Resource Consumption Rate","The number of resource consumed per number of consumers per time",21,"individual / (1 individual * 4 hour)",0.001458333,"Macrobiotus richtersi Murray 1911","Acrobeloides nanus ????","Macrobiotus richtersi Murray 1911 [adult]","Acrobeloides nanus ???? [adult]","active","surface","active","surface",1.07e-08,2.8e-11,"square meter",3164.556962,"Individuals per arena",25,0.0079,20,20,NA,"","no",NA,NA,NA,NA,NA,NA,NA,"",1,"Macrobiotus richtersi","Adult","Tardigrade","2D","ectotherm","2D","Acrobeloides nanus","adult","nematode","ectotherm","Freshwater","Laboratory",14400,"seconds",259200,"seconds",79,"square cm",1,"individuals per arena","","Yes","wet mass","10.7","microgram","from author","wet mass",28,"nanogram","from author","Jeschke J. M. and K. Hohberg. 2008. Predicting and testing functional responses: An example from a tardigrade-nematode system. Basic and Applied Ecology 9:145-151.","from author"
"2281",40042,"new","Resource Consumption Rate","The number of resource consumed per number of consumers per time",22,"individual / (1 individual * 4 hour)",0.001527778,"Macrobiotus richtersi Murray 1911","Acrobeloides nanus ????","Macrobiotus richtersi Murray 1911 [adult]","Acrobeloides nanus ???? [adult]","active","surface","active","surface",1.07e-08,2.8e-11,"square meter",3164.556962,"Individuals per arena",25,0.0079,20,20,NA,"","no",NA,NA,NA,NA,NA,NA,NA,"",1,"Macrobiotus richtersi","Adult","Tardigrade","2D","ectotherm","2D","Acrobeloides nanus","adult","nematode","ectotherm","Freshwater","Laboratory",14400,"seconds",259200,"seconds",79,"square cm",1,"individuals per arena","","Yes","wet mass","10.7","microgram","from author","wet mass",28,"nanogram","from author","Jeschke J. M. and K. Hohberg. 2008. Predicting and testing functional responses: An example from a tardigrade-nematode system. Basic and Applied Ecology 9:145-151.","from author"
"2282",40042,"new","Resource Consumption Rate","The number of resource consumed per number of consumers per time",11,"individual / (1 individual * 4 hour)",0.000763889,"Macrobiotus richtersi Murray 1911","Acrobeloides nanus ????","Macrobiotus richtersi Murray 1911 [adult]","Acrobeloides nanus ???? [adult]","active","surface","active","surface",1.07e-08,2.8e-11,"square meter",3164.556962,"Individuals per arena",25,0.0079,20,20,NA,"","no",NA,NA,NA,NA,NA,NA,NA,"",1,"Macrobiotus richtersi","Adult","Tardigrade","2D","ectotherm","2D","Acrobeloides nanus","adult","nematode","ectotherm","Freshwater","Laboratory",14400,"seconds",259200,"seconds",79,"square cm",1,"individuals per arena","","Yes","wet mass","10.7","microgram","from author","wet mass",28,"nanogram","from author","Jeschke J. M. and K. Hohberg. 2008. Predicting and testing functional responses: An example from a tardigrade-nematode system. Basic and Applied Ecology 9:145-151.","from author"
"2283",40042,"new","Resource Consumption Rate","The number of resource consumed per number of consumers per time",8,"individual / (1 individual * 4 hour)",0.000555556,"Macrobiotus richtersi Murray 1911","Acrobeloides nanus ????","Macrobiotus richtersi Murray 1911 [adult]","Acrobeloides nanus ???? [adult]","active","surface","active","surface",1.07e-08,2.8e-11,"square meter",3164.556962,"Individuals per arena",25,0.0079,20,20,NA,"","no",NA,NA,NA,NA,NA,NA,NA,"",1,"Macrobiotus richtersi","Adult","Tardigrade","2D","ectotherm","2D","Acrobeloides nanus","adult","nematode","ectotherm","Freshwater","Laboratory",14400,"seconds",259200,"seconds",79,"square cm",1,"individuals per arena","","Yes","wet mass","10.7","microgram","from author","wet mass",28,"nanogram","from author","Jeschke J. M. and K. Hohberg. 2008. Predicting and testing functional responses: An example from a tardigrade-nematode system. Basic and Applied Ecology 9:145-151.","from author"
"2284",40042,"new","Resource Consumption Rate","The number of resource consumed per number of consumers per time",4,"individual / (1 individual * 4 hour)",0.000277778,"Macrobiotus richtersi Murray 1911","Acrobeloides nanus ????","Macrobiotus richtersi Murray 1911 [adult]","Acrobeloides nanus ???? [adult]","active","surface","active","surface",1.07e-08,2.8e-11,"square meter",3164.556962,"Individuals per arena",25,0.0079,20,20,NA,"","no",NA,NA,NA,NA,NA,NA,NA,"",1,"Macrobiotus richtersi","Adult","Tardigrade","2D","ectotherm","2D","Acrobeloides nanus","adult","nematode","ectotherm","Freshwater","Laboratory",14400,"seconds",259200,"seconds",79,"square cm",1,"individuals per arena","","Yes","wet mass","10.7","microgram","from author","wet mass",28,"nanogram","from author","Jeschke J. M. and K. Hohberg. 2008. Predicting and testing functional responses: An example from a tardigrade-nematode system. Basic and Applied Ecology 9:145-151.","from author"
"2285",40042,"new","Resource Consumption Rate","The number of resource consumed per number of consumers per time",3,"individual / (1 individual * 4 hour)",0.000208333,"Macrobiotus richtersi Murray 1911","Acrobeloides nanus ????","Macrobiotus richtersi Murray 1911 [adult]","Acrobeloides nanus ???? [adult]","active","surface","active","surface",1.07e-08,2.8e-11,"square meter",3164.556962,"Individuals per arena",25,0.0079,20,20,NA,"","no",NA,NA,NA,NA,NA,NA,NA,"",1,"Macrobiotus richtersi","Adult","Tardigrade","2D","ectotherm","2D","Acrobeloides nanus","adult","nematode","ectotherm","Freshwater","Laboratory",14400,"seconds",259200,"seconds",79,"square cm",1,"individuals per arena","","Yes","wet mass","10.7","microgram","from author","wet mass",28,"nanogram","from author","Jeschke J. M. and K. Hohberg. 2008. Predicting and testing functional responses: An example from a tardigrade-nematode system. Basic and Applied Ecology 9:145-151.","from author"
"2286",40042,"new","Resource Consumption Rate","The number of resource consumed per number of consumers per time",9,"individual / (1 individual * 4 hour)",0.000625,"Macrobiotus richtersi Murray 1911","Acrobeloides nanus ????","Macrobiotus richtersi Murray 1911 [adult]","Acrobeloides nanus ???? [adult]","active","surface","active","surface",1.07e-08,2.8e-11,"square meter",6329.113924,"Individuals per arena",50,0.0079,20,20,NA,"","no",NA,NA,NA,NA,NA,NA,NA,"",1,"Macrobiotus richtersi","Adult","Tardigrade","2D","ectotherm","2D","Acrobeloides nanus","adult","nematode","ectotherm","Freshwater","Laboratory",14400,"seconds",259200,"seconds",79,"square cm",1,"individuals per arena","","Yes","wet mass","10.7","microgram","from author","wet mass",28,"nanogram","from author","Jeschke J. M. and K. Hohberg. 2008. Predicting and testing functional responses: An example from a tardigrade-nematode system. Basic and Applied Ecology 9:145-151.","from author"
"2287",40042,"new","Resource Consumption Rate","The number of resource consumed per number of consumers per time",33,"individual / (1 individual * 4 hour)",0.002291667,"Macrobiotus richtersi Murray 1911","Acrobeloides nanus ????","Macrobiotus richtersi Murray 1911 [adult]","Acrobeloides nanus ???? [adult]","active","surface","active","surface",1.07e-08,2.8e-11,"square meter",6329.113924,"Individuals per arena",50,0.0079,20,20,NA,"","no",NA,NA,NA,NA,NA,NA,NA,"",1,"Macrobiotus richtersi","Adult","Tardigrade","2D","ectotherm","2D","Acrobeloides nanus","adult","nematode","ectotherm","Freshwater","Laboratory",14400,"seconds",259200,"seconds",79,"square cm",1,"individuals per arena","","Yes","wet mass","10.7","microgram","from author","wet mass",28,"nanogram","from author","Jeschke J. M. and K. Hohberg. 2008. Predicting and testing functional responses: An example from a tardigrade-nematode system. Basic and Applied Ecology 9:145-151.","from author"
"2288",40042,"new","Resource Consumption Rate","The number of resource consumed per number of consumers per time",29.5,"individual / (1 individual * 4 hour)",0.002048611,"Macrobiotus richtersi Murray 1911","Acrobeloides nanus ????","Macrobiotus richtersi Murray 1911 [adult]","Acrobeloides nanus ???? [adult]","active","surface","active","surface",1.07e-08,2.8e-11,"square meter",6329.113924,"Individuals per arena",50,0.0079,20,20,NA,"","no",NA,NA,NA,NA,NA,NA,NA,"",1,"Macrobiotus richtersi","Adult","Tardigrade","2D","ectotherm","2D","Acrobeloides nanus","adult","nematode","ectotherm","Freshwater","Laboratory",14400,"seconds",259200,"seconds",79,"square cm",1,"individuals per arena","","Yes","wet mass","10.7","microgram","from author","wet mass",28,"nanogram","from author","Jeschke J. M. and K. Hohberg. 2008. Predicting and testing functional responses: An example from a tardigrade-nematode system. Basic and Applied Ecology 9:145-151.","from author"
"2289",40042,"new","Resource Consumption Rate","The number of resource consumed per number of consumers per time",48.5,"individual / (1 individual * 4 hour)",0.003368056,"Macrobiotus richtersi Murray 1911","Acrobeloides nanus ????","Macrobiotus richtersi Murray 1911 [adult]","Acrobeloides nanus ???? [adult]","active","surface","active","surface",1.07e-08,2.8e-11,"square meter",6329.113924,"Individuals per arena",50,0.0079,20,20,NA,"","no",NA,NA,NA,NA,NA,NA,NA,"",1,"Macrobiotus richtersi","Adult","Tardigrade","2D","ectotherm","2D","Acrobeloides nanus","adult","nematode","ectotherm","Freshwater","Laboratory",14400,"seconds",259200,"seconds",79,"square cm",1,"individuals per arena","","Yes","wet mass","10.7","microgram","from author","wet mass",28,"nanogram","from author","Jeschke J. M. and K. Hohberg. 2008. Predicting and testing functional responses: An example from a tardigrade-nematode system. Basic and Applied Ecology 9:145-151.","from author"
"2290",40042,"new","Resource Consumption Rate","The number of resource consumed per number of consumers per time",40,"individual / (1 individual * 4 hour)",0.002777778,"Macrobiotus richtersi Murray 1911","Acrobeloides nanus ????","Macrobiotus richtersi Murray 1911 [adult]","Acrobeloides nanus ???? [adult]","active","surface","active","surface",1.07e-08,2.8e-11,"square meter",6329.113924,"Individuals per arena",50,0.0079,20,20,NA,"","no",NA,NA,NA,NA,NA,NA,NA,"",1,"Macrobiotus richtersi","Adult","Tardigrade","2D","ectotherm","2D","Acrobeloides nanus","adult","nematode","ectotherm","Freshwater","Laboratory",14400,"seconds",259200,"seconds",79,"square cm",1,"individuals per arena","","Yes","wet mass","10.7","microgram","from author","wet mass",28,"nanogram","from author","Jeschke J. M. and K. Hohberg. 2008. Predicting and testing functional responses: An example from a tardigrade-nematode system. Basic and Applied Ecology 9:145-151.","from author"
"2291",40042,"new","Resource Consumption Rate","The number of resource consumed per number of consumers per time",48,"individual / (1 individual * 4 hour)",0.003333333,"Macrobiotus richtersi Murray 1911","Acrobeloides nanus ????","Macrobiotus richtersi Murray 1911 [adult]","Acrobeloides nanus ???? [adult]","active","surface","active","surface",1.07e-08,2.8e-11,"square meter",6329.113924,"Individuals per arena",50,0.0079,20,20,NA,"","no",NA,NA,NA,NA,NA,NA,NA,"",1,"Macrobiotus richtersi","Adult","Tardigrade","2D","ectotherm","2D","Acrobeloides nanus","adult","nematode","ectotherm","Freshwater","Laboratory",14400,"seconds",259200,"seconds",79,"square cm",1,"individuals per arena","","Yes","wet mass","10.7","microgram","from author","wet mass",28,"nanogram","from author","Jeschke J. M. and K. Hohberg. 2008. Predicting and testing functional responses: An example from a tardigrade-nematode system. Basic and Applied Ecology 9:145-151.","from author"
"2292",40042,"new","Resource Consumption Rate","The number of resource consumed per number of consumers per time",40,"individual / (1 individual * 4 hour)",0.002777778,"Macrobiotus richtersi Murray 1911","Acrobeloides nanus ????","Macrobiotus richtersi Murray 1911 [adult]","Acrobeloides nanus ???? [adult]","active","surface","active","surface",1.07e-08,2.8e-11,"square meter",6329.113924,"Individuals per arena",50,0.0079,20,20,NA,"","no",NA,NA,NA,NA,NA,NA,NA,"",1,"Macrobiotus richtersi","Adult","Tardigrade","2D","ectotherm","2D","Acrobeloides nanus","adult","nematode","ectotherm","Freshwater","Laboratory",14400,"seconds",259200,"seconds",79,"square cm",1,"individuals per arena","","Yes","wet mass","10.7","microgram","from author","wet mass",28,"nanogram","from author","Jeschke J. M. and K. Hohberg. 2008. Predicting and testing functional responses: An example from a tardigrade-nematode system. Basic and Applied Ecology 9:145-151.","from author"
"2293",40042,"new","Resource Consumption Rate","The number of resource consumed per number of consumers per time",32,"individual / (1 individual * 4 hour)",0.002222222,"Macrobiotus richtersi Murray 1911","Acrobeloides nanus ????","Macrobiotus richtersi Murray 1911 [adult]","Acrobeloides nanus ???? [adult]","active","surface","active","surface",1.07e-08,2.8e-11,"square meter",6329.113924,"Individuals per arena",50,0.0079,20,20,NA,"","no",NA,NA,NA,NA,NA,NA,NA,"",1,"Macrobiotus richtersi","Adult","Tardigrade","2D","ectotherm","2D","Acrobeloides nanus","adult","nematode","ectotherm","Freshwater","Laboratory",14400,"seconds",259200,"seconds",79,"square cm",1,"individuals per arena","","Yes","wet mass","10.7","microgram","from author","wet mass",28,"nanogram","from author","Jeschke J. M. and K. Hohberg. 2008. Predicting and testing functional responses: An example from a tardigrade-nematode system. Basic and Applied Ecology 9:145-151.","from author"
"2294",40042,"new","Resource Consumption Rate","The number of resource consumed per number of consumers per time",44,"individual / (1 individual * 4 hour)",0.003055556,"Macrobiotus richtersi Murray 1911","Acrobeloides nanus ????","Macrobiotus richtersi Murray 1911 [adult]","Acrobeloides nanus ???? [adult]","active","surface","active","surface",1.07e-08,2.8e-11,"square meter",9493.670886,"Individuals per arena",75,0.0079,20,20,NA,"","no",NA,NA,NA,NA,NA,NA,NA,"",1,"Macrobiotus richtersi","Adult","Tardigrade","2D","ectotherm","2D","Acrobeloides nanus","adult","nematode","ectotherm","Freshwater","Laboratory",14400,"seconds",259200,"seconds",79,"square cm",1,"individuals per arena","","Yes","wet mass","10.7","microgram","from author","wet mass",28,"nanogram","from author","Jeschke J. M. and K. Hohberg. 2008. Predicting and testing functional responses: An example from a tardigrade-nematode system. Basic and Applied Ecology 9:145-151.","from author"
"2295",40042,"new","Resource Consumption Rate","The number of resource consumed per number of consumers per time",43,"individual / (1 individual * 4 hour)",0.002986111,"Macrobiotus richtersi Murray 1911","Acrobeloides nanus ????","Macrobiotus richtersi Murray 1911 [adult]","Acrobeloides nanus ???? [adult]","active","surface","active","surface",1.07e-08,2.8e-11,"square meter",9493.670886,"Individuals per arena",75,0.0079,20,20,NA,"","no",NA,NA,NA,NA,NA,NA,NA,"",1,"Macrobiotus richtersi","Adult","Tardigrade","2D","ectotherm","2D","Acrobeloides nanus","adult","nematode","ectotherm","Freshwater","Laboratory",14400,"seconds",259200,"seconds",79,"square cm",1,"individuals per arena","","Yes","wet mass","10.7","microgram","from author","wet mass",28,"nanogram","from author","Jeschke J. M. and K. Hohberg. 2008. Predicting and testing functional responses: An example from a tardigrade-nematode system. Basic and Applied Ecology 9:145-151.","from author"
"2296",40042,"new","Resource Consumption Rate","The number of resource consumed per number of consumers per time",51,"individual / (1 individual * 4 hour)",0.003541667,"Macrobiotus richtersi Murray 1911","Acrobeloides nanus ????","Macrobiotus richtersi Murray 1911 [adult]","Acrobeloides nanus ???? [adult]","active","surface","active","surface",1.07e-08,2.8e-11,"square meter",9493.670886,"Individuals per arena",75,0.0079,20,20,NA,"","no",NA,NA,NA,NA,NA,NA,NA,"",1,"Macrobiotus richtersi","Adult","Tardigrade","2D","ectotherm","2D","Acrobeloides nanus","adult","nematode","ectotherm","Freshwater","Laboratory",14400,"seconds",259200,"seconds",79,"square cm",1,"individuals per arena","","Yes","wet mass","10.7","microgram","from author","wet mass",28,"nanogram","from author","Jeschke J. M. and K. Hohberg. 2008. Predicting and testing functional responses: An example from a tardigrade-nematode system. Basic and Applied Ecology 9:145-151.","from author"
"2297",40042,"new","Resource Consumption Rate","The number of resource consumed per number of consumers per time",20,"individual / (1 individual * 4 hour)",0.001388889,"Macrobiotus richtersi Murray 1911","Acrobeloides nanus ????","Macrobiotus richtersi Murray 1911 [adult]","Acrobeloides nanus ???? [adult]","active","surface","active","surface",1.07e-08,2.8e-11,"square meter",9493.670886,"Individuals per arena",75,0.0079,20,20,NA,"","no",NA,NA,NA,NA,NA,NA,NA,"",1,"Macrobiotus richtersi","Adult","Tardigrade","2D","ectotherm","2D","Acrobeloides nanus","adult","nematode","ectotherm","Freshwater","Laboratory",14400,"seconds",259200,"seconds",79,"square cm",1,"individuals per arena","","Yes","wet mass","10.7","microgram","from author","wet mass",28,"nanogram","from author","Jeschke J. M. and K. Hohberg. 2008. Predicting and testing functional responses: An example from a tardigrade-nematode system. Basic and Applied Ecology 9:145-151.","from author"
"2298",40042,"new","Resource Consumption Rate","The number of resource consumed per number of consumers per time",42,"individual / (1 individual * 4 hour)",0.002916667,"Macrobiotus richtersi Murray 1911","Acrobeloides nanus ????","Macrobiotus richtersi Murray 1911 [adult]","Acrobeloides nanus ???? [adult]","active","surface","active","surface",1.07e-08,2.8e-11,"square meter",9493.670886,"Individuals per arena",75,0.0079,20,20,NA,"","no",NA,NA,NA,NA,NA,NA,NA,"",1,"Macrobiotus richtersi","Adult","Tardigrade","2D","ectotherm","2D","Acrobeloides nanus","adult","nematode","ectotherm","Freshwater","Laboratory",14400,"seconds",259200,"seconds",79,"square cm",1,"individuals per arena","","Yes","wet mass","10.7","microgram","from author","wet mass",28,"nanogram","from author","Jeschke J. M. and K. Hohberg. 2008. Predicting and testing functional responses: An example from a tardigrade-nematode system. Basic and Applied Ecology 9:145-151.","from author"
"2299",40042,"new","Resource Consumption Rate","The number of resource consumed per number of consumers per time",38,"individual / (1 individual * 4 hour)",0.002638889,"Macrobiotus richtersi Murray 1911","Acrobeloides nanus ????","Macrobiotus richtersi Murray 1911 [adult]","Acrobeloides nanus ???? [adult]","active","surface","active","surface",1.07e-08,2.8e-11,"square meter",9493.670886,"Individuals per arena",75,0.0079,20,20,NA,"","no",NA,NA,NA,NA,NA,NA,NA,"",1,"Macrobiotus richtersi","Adult","Tardigrade","2D","ectotherm","2D","Acrobeloides nanus","adult","nematode","ectotherm","Freshwater","Laboratory",14400,"seconds",259200,"seconds",79,"square cm",1,"individuals per arena","","Yes","wet mass","10.7","microgram","from author","wet mass",28,"nanogram","from author","Jeschke J. M. and K. Hohberg. 2008. Predicting and testing functional responses: An example from a tardigrade-nematode system. Basic and Applied Ecology 9:145-151.","from author"
"2300",40042,"new","Resource Consumption Rate","The number of resource consumed per number of consumers per time",48,"individual / (1 individual * 4 hour)",0.003333333,"Macrobiotus richtersi Murray 1911","Acrobeloides nanus ????","Macrobiotus richtersi Murray 1911 [adult]","Acrobeloides nanus ???? [adult]","active","surface","active","surface",1.07e-08,2.8e-11,"square meter",9493.670886,"Individuals per arena",75,0.0079,20,20,NA,"","no",NA,NA,NA,NA,NA,NA,NA,"",1,"Macrobiotus richtersi","Adult","Tardigrade","2D","ectotherm","2D","Acrobeloides nanus","adult","nematode","ectotherm","Freshwater","Laboratory",14400,"seconds",259200,"seconds",79,"square cm",1,"individuals per arena","","Yes","wet mass","10.7","microgram","from author","wet mass",28,"nanogram","from author","Jeschke J. M. and K. Hohberg. 2008. Predicting and testing functional responses: An example from a tardigrade-nematode system. Basic and Applied Ecology 9:145-151.","from author"
"2301",40042,"new","Resource Consumption Rate","The number of resource consumed per number of consumers per time",52,"individual / (1 individual * 4 hour)",0.003611111,"Macrobiotus richtersi Murray 1911","Acrobeloides nanus ????","Macrobiotus richtersi Murray 1911 [adult]","Acrobeloides nanus ???? [adult]","active","surface","active","surface",1.07e-08,2.8e-11,"square meter",9493.670886,"Individuals per arena",75,0.0079,20,20,NA,"","no",NA,NA,NA,NA,NA,NA,NA,"",1,"Macrobiotus richtersi","Adult","Tardigrade","2D","ectotherm","2D","Acrobeloides nanus","adult","nematode","ectotherm","Freshwater","Laboratory",14400,"seconds",259200,"seconds",79,"square cm",1,"individuals per arena","","Yes","wet mass","10.7","microgram","from author","wet mass",28,"nanogram","from author","Jeschke J. M. and K. Hohberg. 2008. Predicting and testing functional responses: An example from a tardigrade-nematode system. Basic and Applied Ecology 9:145-151.","from author"
"2302",40042,"new","Resource Consumption Rate","The number of resource consumed per number of consumers per time",62,"individual / (1 individual * 4 hour)",0.004305556,"Macrobiotus richtersi Murray 1911","Acrobeloides nanus ????","Macrobiotus richtersi Murray 1911 [adult]","Acrobeloides nanus ???? [adult]","active","surface","active","surface",1.07e-08,2.8e-11,"square meter",12658.22785,"Individuals per arena",100,0.0079,20,20,NA,"","no",NA,NA,NA,NA,NA,NA,NA,"",1,"Macrobiotus richtersi","Adult","Tardigrade","2D","ectotherm","2D","Acrobeloides nanus","adult","nematode","ectotherm","Freshwater","Laboratory",14400,"seconds",259200,"seconds",79,"square cm",1,"individuals per arena","","Yes","wet mass","10.7","microgram","from author","wet mass",28,"nanogram","from author","Jeschke J. M. and K. Hohberg. 2008. Predicting and testing functional responses: An example from a tardigrade-nematode system. Basic and Applied Ecology 9:145-151.","from author"
"2303",40042,"new","Resource Consumption Rate","The number of resource consumed per number of consumers per time",47,"individual / (1 individual * 4 hour)",0.003263889,"Macrobiotus richtersi Murray 1911","Acrobeloides nanus ????","Macrobiotus richtersi Murray 1911 [adult]","Acrobeloides nanus ???? [adult]","active","surface","active","surface",1.07e-08,2.8e-11,"square meter",12658.22785,"Individuals per arena",100,0.0079,20,20,NA,"","no",NA,NA,NA,NA,NA,NA,NA,"",1,"Macrobiotus richtersi","Adult","Tardigrade","2D","ectotherm","2D","Acrobeloides nanus","adult","nematode","ectotherm","Freshwater","Laboratory",14400,"seconds",259200,"seconds",79,"square cm",1,"individuals per arena","","Yes","wet mass","10.7","microgram","from author","wet mass",28,"nanogram","from author","Jeschke J. M. and K. Hohberg. 2008. Predicting and testing functional responses: An example from a tardigrade-nematode system. Basic and Applied Ecology 9:145-151.","from author"
"2304",40042,"new","Resource Consumption Rate","The number of resource consumed per number of consumers per time",77,"individual / (1 individual * 4 hour)",0.005347222,"Macrobiotus richtersi Murray 1911","Acrobeloides nanus ????","Macrobiotus richtersi Murray 1911 [adult]","Acrobeloides nanus ???? [adult]","active","surface","active","surface",1.07e-08,2.8e-11,"square meter",12658.22785,"Individuals per arena",100,0.0079,20,20,NA,"","no",NA,NA,NA,NA,NA,NA,NA,"",1,"Macrobiotus richtersi","Adult","Tardigrade","2D","ectotherm","2D","Acrobeloides nanus","adult","nematode","ectotherm","Freshwater","Laboratory",14400,"seconds",259200,"seconds",79,"square cm",1,"individuals per arena","","Yes","wet mass","10.7","microgram","from author","wet mass",28,"nanogram","from author","Jeschke J. M. and K. Hohberg. 2008. Predicting and testing functional responses: An example from a tardigrade-nematode system. Basic and Applied Ecology 9:145-151.","from author"
"2305",40042,"new","Resource Consumption Rate","The number of resource consumed per number of consumers per time",61,"individual / (1 individual * 4 hour)",0.004236111,"Macrobiotus richtersi Murray 1911","Acrobeloides nanus ????","Macrobiotus richtersi Murray 1911 [adult]","Acrobeloides nanus ???? [adult]","active","surface","active","surface",1.07e-08,2.8e-11,"square meter",12658.22785,"Individuals per arena",100,0.0079,20,20,NA,"","no",NA,NA,NA,NA,NA,NA,NA,"",1,"Macrobiotus richtersi","Adult","Tardigrade","2D","ectotherm","2D","Acrobeloides nanus","adult","nematode","ectotherm","Freshwater","Laboratory",14400,"seconds",259200,"seconds",79,"square cm",1,"individuals per arena","","Yes","wet mass","10.7","microgram","from author","wet mass",28,"nanogram","from author","Jeschke J. M. and K. Hohberg. 2008. Predicting and testing functional responses: An example from a tardigrade-nematode system. Basic and Applied Ecology 9:145-151.","from author"
"2306",40042,"new","Resource Consumption Rate","The number of resource consumed per number of consumers per time",63,"individual / (1 individual * 4 hour)",0.004375,"Macrobiotus richtersi Murray 1911","Acrobeloides nanus ????","Macrobiotus richtersi Murray 1911 [adult]","Acrobeloides nanus ???? [adult]","active","surface","active","surface",1.07e-08,2.8e-11,"square meter",12658.22785,"Individuals per arena",100,0.0079,20,20,NA,"","no",NA,NA,NA,NA,NA,NA,NA,"",1,"Macrobiotus richtersi","Adult","Tardigrade","2D","ectotherm","2D","Acrobeloides nanus","adult","nematode","ectotherm","Freshwater","Laboratory",14400,"seconds",259200,"seconds",79,"square cm",1,"individuals per arena","","Yes","wet mass","10.7","microgram","from author","wet mass",28,"nanogram","from author","Jeschke J. M. and K. Hohberg. 2008. Predicting and testing functional responses: An example from a tardigrade-nematode system. Basic and Applied Ecology 9:145-151.","from author"
"2307",40042,"new","Resource Consumption Rate","The number of resource consumed per number of consumers per time",58,"individual / (1 individual * 4 hour)",0.004027778,"Macrobiotus richtersi Murray 1911","Acrobeloides nanus ????","Macrobiotus richtersi Murray 1911 [adult]","Acrobeloides nanus ???? [adult]","active","surface","active","surface",1.07e-08,2.8e-11,"square meter",12658.22785,"Individuals per arena",100,0.0079,20,20,NA,"","no",NA,NA,NA,NA,NA,NA,NA,"",1,"Macrobiotus richtersi","Adult","Tardigrade","2D","ectotherm","2D","Acrobeloides nanus","adult","nematode","ectotherm","Freshwater","Laboratory",14400,"seconds",259200,"seconds",79,"square cm",1,"individuals per arena","","Yes","wet mass","10.7","microgram","from author","wet mass",28,"nanogram","from author","Jeschke J. M. and K. Hohberg. 2008. Predicting and testing functional responses: An example from a tardigrade-nematode system. Basic and Applied Ecology 9:145-151.","from author"
"2308",40042,"new","Resource Consumption Rate","The number of resource consumed per number of consumers per time",52,"individual / (1 individual * 4 hour)",0.003611111,"Macrobiotus richtersi Murray 1911","Acrobeloides nanus ????","Macrobiotus richtersi Murray 1911 [adult]","Acrobeloides nanus ???? [adult]","active","surface","active","surface",1.07e-08,2.8e-11,"square meter",12658.22785,"Individuals per arena",100,0.0079,20,20,NA,"","no",NA,NA,NA,NA,NA,NA,NA,"",1,"Macrobiotus richtersi","Adult","Tardigrade","2D","ectotherm","2D","Acrobeloides nanus","adult","nematode","ectotherm","Freshwater","Laboratory",14400,"seconds",259200,"seconds",79,"square cm",1,"individuals per arena","","Yes","wet mass","10.7","microgram","from author","wet mass",28,"nanogram","from author","Jeschke J. M. and K. Hohberg. 2008. Predicting and testing functional responses: An example from a tardigrade-nematode system. Basic and Applied Ecology 9:145-151.","from author"
"2309",40042,"new","Resource Consumption Rate","The number of resource consumed per number of consumers per time",12,"individual / (1 individual * 4 hour)",0.000833333,"Macrobiotus richtersi Murray 1911","Acrobeloides nanus ????","Macrobiotus richtersi Murray 1911 [adult]","Acrobeloides nanus ???? [adult]","active","surface","active","surface",1.07e-08,2.8e-11,"square meter",12658.22785,"Individuals per arena",100,0.0079,20,20,NA,"","no",NA,NA,NA,NA,NA,NA,NA,"",1,"Macrobiotus richtersi","Adult","Tardigrade","2D","ectotherm","2D","Acrobeloides nanus","adult","nematode","ectotherm","Freshwater","Laboratory",14400,"seconds",259200,"seconds",79,"square cm",1,"individuals per arena","","Yes","wet mass","10.7","microgram","from author","wet mass",28,"nanogram","from author","Jeschke J. M. and K. Hohberg. 2008. Predicting and testing functional responses: An example from a tardigrade-nematode system. Basic and Applied Ecology 9:145-151.","from author"
"2310",40042,"new","Resource Consumption Rate","The number of resource consumed per number of consumers per time",53,"individual / (1 individual * 4 hour)",0.003680556,"Macrobiotus richtersi Murray 1911","Acrobeloides nanus ????","Macrobiotus richtersi Murray 1911 [adult]","Acrobeloides nanus ???? [adult]","active","surface","active","surface",1.07e-08,2.8e-11,"square meter",18987.34177,"Individuals per arena",150,0.0079,20,20,NA,"","no",NA,NA,NA,NA,NA,NA,NA,"",1,"Macrobiotus richtersi","Adult","Tardigrade","2D","ectotherm","2D","Acrobeloides nanus","adult","nematode","ectotherm","Freshwater","Laboratory",14400,"seconds",259200,"seconds",79,"square cm",1,"individuals per arena","","Yes","wet mass","10.7","microgram","from author","wet mass",28,"nanogram","from author","Jeschke J. M. and K. Hohberg. 2008. Predicting and testing functional responses: An example from a tardigrade-nematode system. Basic and Applied Ecology 9:145-151.","from author"
"2311",40042,"new","Resource Consumption Rate","The number of resource consumed per number of consumers per time",86,"individual / (1 individual * 4 hour)",0.005972222,"Macrobiotus richtersi Murray 1911","Acrobeloides nanus ????","Macrobiotus richtersi Murray 1911 [adult]","Acrobeloides nanus ???? [adult]","active","surface","active","surface",1.07e-08,2.8e-11,"square meter",18987.34177,"Individuals per arena",150,0.0079,20,20,NA,"","no",NA,NA,NA,NA,NA,NA,NA,"",1,"Macrobiotus richtersi","Adult","Tardigrade","2D","ectotherm","2D","Acrobeloides nanus","adult","nematode","ectotherm","Freshwater","Laboratory",14400,"seconds",259200,"seconds",79,"square cm",1,"individuals per arena","","Yes","wet mass","10.7","microgram","from author","wet mass",28,"nanogram","from author","Jeschke J. M. and K. Hohberg. 2008. Predicting and testing functional responses: An example from a tardigrade-nematode system. Basic and Applied Ecology 9:145-151.","from author"
"2312",40042,"new","Resource Consumption Rate","The number of resource consumed per number of consumers per time",72.5,"individual / (1 individual * 4 hour)",0.005034722,"Macrobiotus richtersi Murray 1911","Acrobeloides nanus ????","Macrobiotus richtersi Murray 1911 [adult]","Acrobeloides nanus ???? [adult]","active","surface","active","surface",1.07e-08,2.8e-11,"square meter",18987.34177,"Individuals per arena",150,0.0079,20,20,NA,"","no",NA,NA,NA,NA,NA,NA,NA,"",1,"Macrobiotus richtersi","Adult","Tardigrade","2D","ectotherm","2D","Acrobeloides nanus","adult","nematode","ectotherm","Freshwater","Laboratory",14400,"seconds",259200,"seconds",79,"square cm",1,"individuals per arena","","Yes","wet mass","10.7","microgram","from author","wet mass",28,"nanogram","from author","Jeschke J. M. and K. Hohberg. 2008. Predicting and testing functional responses: An example from a tardigrade-nematode system. Basic and Applied Ecology 9:145-151.","from author"
"2313",40042,"new","Resource Consumption Rate","The number of resource consumed per number of consumers per time",77,"individual / (1 individual * 4 hour)",0.005347222,"Macrobiotus richtersi Murray 1911","Acrobeloides nanus ????","Macrobiotus richtersi Murray 1911 [adult]","Acrobeloides nanus ???? [adult]","active","surface","active","surface",1.07e-08,2.8e-11,"square meter",18987.34177,"Individuals per arena",150,0.0079,20,20,NA,"","no",NA,NA,NA,NA,NA,NA,NA,"",1,"Macrobiotus richtersi","Adult","Tardigrade","2D","ectotherm","2D","Acrobeloides nanus","adult","nematode","ectotherm","Freshwater","Laboratory",14400,"seconds",259200,"seconds",79,"square cm",1,"individuals per arena","","Yes","wet mass","10.7","microgram","from author","wet mass",28,"nanogram","from author","Jeschke J. M. and K. Hohberg. 2008. Predicting and testing functional responses: An example from a tardigrade-nematode system. Basic and Applied Ecology 9:145-151.","from author"
"2314",40042,"new","Resource Consumption Rate","The number of resource consumed per number of consumers per time",60,"individual / (1 individual * 4 hour)",0.004166667,"Macrobiotus richtersi Murray 1911","Acrobeloides nanus ????","Macrobiotus richtersi Murray 1911 [adult]","Acrobeloides nanus ???? [adult]","active","surface","active","surface",1.07e-08,2.8e-11,"square meter",18987.34177,"Individuals per arena",150,0.0079,20,20,NA,"","no",NA,NA,NA,NA,NA,NA,NA,"",1,"Macrobiotus richtersi","Adult","Tardigrade","2D","ectotherm","2D","Acrobeloides nanus","adult","nematode","ectotherm","Freshwater","Laboratory",14400,"seconds",259200,"seconds",79,"square cm",1,"individuals per arena","","Yes","wet mass","10.7","microgram","from author","wet mass",28,"nanogram","from author","Jeschke J. M. and K. Hohberg. 2008. Predicting and testing functional responses: An example from a tardigrade-nematode system. Basic and Applied Ecology 9:145-151.","from author"
"2315",40042,"new","Resource Consumption Rate","The number of resource consumed per number of consumers per time",83.5,"individual / (1 individual * 4 hour)",0.005798611,"Macrobiotus richtersi Murray 1911","Acrobeloides nanus ????","Macrobiotus richtersi Murray 1911 [adult]","Acrobeloides nanus ???? [adult]","active","surface","active","surface",1.07e-08,2.8e-11,"square meter",18987.34177,"Individuals per arena",150,0.0079,20,20,NA,"","no",NA,NA,NA,NA,NA,NA,NA,"",1,"Macrobiotus richtersi","Adult","Tardigrade","2D","ectotherm","2D","Acrobeloides nanus","adult","nematode","ectotherm","Freshwater","Laboratory",14400,"seconds",259200,"seconds",79,"square cm",1,"individuals per arena","","Yes","wet mass","10.7","microgram","from author","wet mass",28,"nanogram","from author","Jeschke J. M. and K. Hohberg. 2008. Predicting and testing functional responses: An example from a tardigrade-nematode system. Basic and Applied Ecology 9:145-151.","from author"
"2316",40042,"new","Resource Consumption Rate","The number of resource consumed per number of consumers per time",16,"individual / (1 individual * 4 hour)",0.001111111,"Macrobiotus richtersi Murray 1911","Acrobeloides nanus ????","Macrobiotus richtersi Murray 1911 [adult]","Acrobeloides nanus ???? [adult]","active","surface","active","surface",1.07e-08,2.8e-11,"square meter",18987.34177,"Individuals per arena",150,0.0079,20,20,NA,"","no",NA,NA,NA,NA,NA,NA,NA,"",1,"Macrobiotus richtersi","Adult","Tardigrade","2D","ectotherm","2D","Acrobeloides nanus","adult","nematode","ectotherm","Freshwater","Laboratory",14400,"seconds",259200,"seconds",79,"square cm",1,"individuals per arena","","Yes","wet mass","10.7","microgram","from author","wet mass",28,"nanogram","from author","Jeschke J. M. and K. Hohberg. 2008. Predicting and testing functional responses: An example from a tardigrade-nematode system. Basic and Applied Ecology 9:145-151.","from author"
"2317",40042,"new","Resource Consumption Rate","The number of resource consumed per number of consumers per time",11,"individual / (1 individual * 4 hour)",0.000763889,"Macrobiotus richtersi Murray 1911","Acrobeloides nanus ????","Macrobiotus richtersi Murray 1911 [adult]","Acrobeloides nanus ???? [adult]","active","surface","active","surface",1.07e-08,2.8e-11,"square meter",18987.34177,"Individuals per arena",150,0.0079,20,20,NA,"","no",NA,NA,NA,NA,NA,NA,NA,"",1,"Macrobiotus richtersi","Adult","Tardigrade","2D","ectotherm","2D","Acrobeloides nanus","adult","nematode","ectotherm","Freshwater","Laboratory",14400,"seconds",259200,"seconds",79,"square cm",1,"individuals per arena","","Yes","wet mass","10.7","microgram","from author","wet mass",28,"nanogram","from author","Jeschke J. M. and K. Hohberg. 2008. Predicting and testing functional responses: An example from a tardigrade-nematode system. Basic and Applied Ecology 9:145-151.","from author"
"2318",40042,"new","Resource Consumption Rate","The number of resource consumed per number of consumers per time",35,"individual / (1 individual * 4 hour)",0.002430556,"Macrobiotus richtersi Murray 1911","Acrobeloides nanus ????","Macrobiotus richtersi Murray 1911 [adult]","Acrobeloides nanus ???? [adult]","active","surface","active","surface",1.07e-08,2.8e-11,"square meter",25316.4557,"Individuals per arena",200,0.0079,20,20,NA,"","no",NA,NA,NA,NA,NA,NA,NA,"",1,"Macrobiotus richtersi","Adult","Tardigrade","2D","ectotherm","2D","Acrobeloides nanus","adult","nematode","ectotherm","Freshwater","Laboratory",14400,"seconds",259200,"seconds",79,"square cm",1,"individuals per arena","","Yes","wet mass","10.7","microgram","from author","wet mass",28,"nanogram","from author","Jeschke J. M. and K. Hohberg. 2008. Predicting and testing functional responses: An example from a tardigrade-nematode system. Basic and Applied Ecology 9:145-151.","from author"
"2319",40042,"new","Resource Consumption Rate","The number of resource consumed per number of consumers per time",50,"individual / (1 individual * 4 hour)",0.003472222,"Macrobiotus richtersi Murray 1911","Acrobeloides nanus ????","Macrobiotus richtersi Murray 1911 [adult]","Acrobeloides nanus ???? [adult]","active","surface","active","surface",1.07e-08,2.8e-11,"square meter",25316.4557,"Individuals per arena",200,0.0079,20,20,NA,"","no",NA,NA,NA,NA,NA,NA,NA,"",1,"Macrobiotus richtersi","Adult","Tardigrade","2D","ectotherm","2D","Acrobeloides nanus","adult","nematode","ectotherm","Freshwater","Laboratory",14400,"seconds",259200,"seconds",79,"square cm",1,"individuals per arena","","Yes","wet mass","10.7","microgram","from author","wet mass",28,"nanogram","from author","Jeschke J. M. and K. Hohberg. 2008. Predicting and testing functional responses: An example from a tardigrade-nematode system. Basic and Applied Ecology 9:145-151.","from author"
"2320",40042,"new","Resource Consumption Rate","The number of resource consumed per number of consumers per time",17,"individual / (1 individual * 4 hour)",0.001180556,"Macrobiotus richtersi Murray 1911","Acrobeloides nanus ????","Macrobiotus richtersi Murray 1911 [adult]","Acrobeloides nanus ???? [adult]","active","surface","active","surface",1.07e-08,2.8e-11,"square meter",25316.4557,"Individuals per arena",200,0.0079,20,20,NA,"","no",NA,NA,NA,NA,NA,NA,NA,"",1,"Macrobiotus richtersi","Adult","Tardigrade","2D","ectotherm","2D","Acrobeloides nanus","adult","nematode","ectotherm","Freshwater","Laboratory",14400,"seconds",259200,"seconds",79,"square cm",1,"individuals per arena","","Yes","wet mass","10.7","microgram","from author","wet mass",28,"nanogram","from author","Jeschke J. M. and K. Hohberg. 2008. Predicting and testing functional responses: An example from a tardigrade-nematode system. Basic and Applied Ecology 9:145-151.","from author"
"2321",40042,"new","Resource Consumption Rate","The number of resource consumed per number of consumers per time",99,"individual / (1 individual * 4 hour)",0.006875,"Macrobiotus richtersi Murray 1911","Acrobeloides nanus ????","Macrobiotus richtersi Murray 1911 [adult]","Acrobeloides nanus ???? [adult]","active","surface","active","surface",1.07e-08,2.8e-11,"square meter",25316.4557,"Individuals per arena",200,0.0079,20,20,NA,"","no",NA,NA,NA,NA,NA,NA,NA,"",1,"Macrobiotus richtersi","Adult","Tardigrade","2D","ectotherm","2D","Acrobeloides nanus","adult","nematode","ectotherm","Freshwater","Laboratory",14400,"seconds",259200,"seconds",79,"square cm",1,"individuals per arena","","Yes","wet mass","10.7","microgram","from author","wet mass",28,"nanogram","from author","Jeschke J. M. and K. Hohberg. 2008. Predicting and testing functional responses: An example from a tardigrade-nematode system. Basic and Applied Ecology 9:145-151.","from author"
"2322",40042,"new","Resource Consumption Rate","The number of resource consumed per number of consumers per time",51,"individual / (1 individual * 4 hour)",0.003541667,"Macrobiotus richtersi Murray 1911","Acrobeloides nanus ????","Macrobiotus richtersi Murray 1911 [adult]","Acrobeloides nanus ???? [adult]","active","surface","active","surface",1.07e-08,2.8e-11,"square meter",25316.4557,"Individuals per arena",200,0.0079,20,20,NA,"","no",NA,NA,NA,NA,NA,NA,NA,"",1,"Macrobiotus richtersi","Adult","Tardigrade","2D","ectotherm","2D","Acrobeloides nanus","adult","nematode","ectotherm","Freshwater","Laboratory",14400,"seconds",259200,"seconds",79,"square cm",1,"individuals per arena","","Yes","wet mass","10.7","microgram","from author","wet mass",28,"nanogram","from author","Jeschke J. M. and K. Hohberg. 2008. Predicting and testing functional responses: An example from a tardigrade-nematode system. Basic and Applied Ecology 9:145-151.","from author"
"2323",40042,"new","Resource Consumption Rate","The number of resource consumed per number of consumers per time",44,"individual / (1 individual * 4 hour)",0.003055556,"Macrobiotus richtersi Murray 1911","Acrobeloides nanus ????","Macrobiotus richtersi Murray 1911 [adult]","Acrobeloides nanus ???? [adult]","active","surface","active","surface",1.07e-08,2.8e-11,"square meter",25316.4557,"Individuals per arena",200,0.0079,20,20,NA,"","no",NA,NA,NA,NA,NA,NA,NA,"",1,"Macrobiotus richtersi","Adult","Tardigrade","2D","ectotherm","2D","Acrobeloides nanus","adult","nematode","ectotherm","Freshwater","Laboratory",14400,"seconds",259200,"seconds",79,"square cm",1,"individuals per arena","","Yes","wet mass","10.7","microgram","from author","wet mass",28,"nanogram","from author","Jeschke J. M. and K. Hohberg. 2008. Predicting and testing functional responses: An example from a tardigrade-nematode system. Basic and Applied Ecology 9:145-151.","from author"
"2324",40042,"new","Resource Consumption Rate","The number of resource consumed per number of consumers per time",23,"individual / (1 individual * 4 hour)",0.001597222,"Macrobiotus richtersi Murray 1911","Acrobeloides nanus ????","Macrobiotus richtersi Murray 1911 [adult]","Acrobeloides nanus ???? [adult]","active","surface","active","surface",1.07e-08,2.8e-11,"square meter",25316.4557,"Individuals per arena",200,0.0079,20,20,NA,"","no",NA,NA,NA,NA,NA,NA,NA,"",1,"Macrobiotus richtersi","Adult","Tardigrade","2D","ectotherm","2D","Acrobeloides nanus","adult","nematode","ectotherm","Freshwater","Laboratory",14400,"seconds",259200,"seconds",79,"square cm",1,"individuals per arena","","Yes","wet mass","10.7","microgram","from author","wet mass",28,"nanogram","from author","Jeschke J. M. and K. Hohberg. 2008. Predicting and testing functional responses: An example from a tardigrade-nematode system. Basic and Applied Ecology 9:145-151.","from author"
"2325",40042,"new","Resource Consumption Rate","The number of resource consumed per number of consumers per time",78,"individual / (1 individual * 4 hour)",0.005416667,"Macrobiotus richtersi Murray 1911","Acrobeloides nanus ????","Macrobiotus richtersi Murray 1911 [adult]","Acrobeloides nanus ???? [adult]","active","surface","active","surface",1.07e-08,2.8e-11,"square meter",25316.4557,"Individuals per arena",200,0.0079,20,20,NA,"","no",NA,NA,NA,NA,NA,NA,NA,"",1,"Macrobiotus richtersi","Adult","Tardigrade","2D","ectotherm","2D","Acrobeloides nanus","adult","nematode","ectotherm","Freshwater","Laboratory",14400,"seconds",259200,"seconds",79,"square cm",1,"individuals per arena","","Yes","wet mass","10.7","microgram","from author","wet mass",28,"nanogram","from author","Jeschke J. M. and K. Hohberg. 2008. Predicting and testing functional responses: An example from a tardigrade-nematode system. Basic and Applied Ecology 9:145-151.","from author"
"2326",40042,"new","Resource Consumption Rate","The number of resource consumed per number of consumers per time",32,"individual / (1 individual * 4 hour)",0.002222222,"Macrobiotus richtersi Murray 1911","Acrobeloides nanus ????","Macrobiotus richtersi Murray 1911 [adult]","Acrobeloides nanus ???? [adult]","active","surface","active","surface",1.07e-08,2.8e-11,"square meter",31645.56962,"Individuals per arena",250,0.0079,20,20,NA,"","no",NA,NA,NA,NA,NA,NA,NA,"",1,"Macrobiotus richtersi","Adult","Tardigrade","2D","ectotherm","2D","Acrobeloides nanus","adult","nematode","ectotherm","Freshwater","Laboratory",14400,"seconds",259200,"seconds",79,"square cm",1,"individuals per arena","","Yes","wet mass","10.7","microgram","from author","wet mass",28,"nanogram","from author","Jeschke J. M. and K. Hohberg. 2008. Predicting and testing functional responses: An example from a tardigrade-nematode system. Basic and Applied Ecology 9:145-151.","from author"
"2327",40042,"new","Resource Consumption Rate","The number of resource consumed per number of consumers per time",43,"individual / (1 individual * 4 hour)",0.002986111,"Macrobiotus richtersi Murray 1911","Acrobeloides nanus ????","Macrobiotus richtersi Murray 1911 [adult]","Acrobeloides nanus ???? [adult]","active","surface","active","surface",1.07e-08,2.8e-11,"square meter",31645.56962,"Individuals per arena",250,0.0079,20,20,NA,"","no",NA,NA,NA,NA,NA,NA,NA,"",1,"Macrobiotus richtersi","Adult","Tardigrade","2D","ectotherm","2D","Acrobeloides nanus","adult","nematode","ectotherm","Freshwater","Laboratory",14400,"seconds",259200,"seconds",79,"square cm",1,"individuals per arena","","Yes","wet mass","10.7","microgram","from author","wet mass",28,"nanogram","from author","Jeschke J. M. and K. Hohberg. 2008. Predicting and testing functional responses: An example from a tardigrade-nematode system. Basic and Applied Ecology 9:145-151.","from author"
"2328",40042,"new","Resource Consumption Rate","The number of resource consumed per number of consumers per time",58.5,"individual / (1 individual * 4 hour)",0.0040625,"Macrobiotus richtersi Murray 1911","Acrobeloides nanus ????","Macrobiotus richtersi Murray 1911 [adult]","Acrobeloides nanus ???? [adult]","active","surface","active","surface",1.07e-08,2.8e-11,"square meter",31645.56962,"Individuals per arena",250,0.0079,20,20,NA,"","no",NA,NA,NA,NA,NA,NA,NA,"",1,"Macrobiotus richtersi","Adult","Tardigrade","2D","ectotherm","2D","Acrobeloides nanus","adult","nematode","ectotherm","Freshwater","Laboratory",14400,"seconds",259200,"seconds",79,"square cm",1,"individuals per arena","","Yes","wet mass","10.7","microgram","from author","wet mass",28,"nanogram","from author","Jeschke J. M. and K. Hohberg. 2008. Predicting and testing functional responses: An example from a tardigrade-nematode system. Basic and Applied Ecology 9:145-151.","from author"
"2329",40042,"new","Resource Consumption Rate","The number of resource consumed per number of consumers per time",61.5,"individual / (1 individual * 4 hour)",0.004270833,"Macrobiotus richtersi Murray 1911","Acrobeloides nanus ????","Macrobiotus richtersi Murray 1911 [adult]","Acrobeloides nanus ???? [adult]","active","surface","active","surface",1.07e-08,2.8e-11,"square meter",31645.56962,"Individuals per arena",250,0.0079,20,20,NA,"","no",NA,NA,NA,NA,NA,NA,NA,"",1,"Macrobiotus richtersi","Adult","Tardigrade","2D","ectotherm","2D","Acrobeloides nanus","adult","nematode","ectotherm","Freshwater","Laboratory",14400,"seconds",259200,"seconds",79,"square cm",1,"individuals per arena","","Yes","wet mass","10.7","microgram","from author","wet mass",28,"nanogram","from author","Jeschke J. M. and K. Hohberg. 2008. Predicting and testing functional responses: An example from a tardigrade-nematode system. Basic and Applied Ecology 9:145-151.","from author"
"2330",40042,"new","Resource Consumption Rate","The number of resource consumed per number of consumers per time",29,"individual / (1 individual * 4 hour)",0.002013889,"Macrobiotus richtersi Murray 1911","Acrobeloides nanus ????","Macrobiotus richtersi Murray 1911 [adult]","Acrobeloides nanus ???? [adult]","active","surface","active","surface",1.07e-08,2.8e-11,"square meter",31645.56962,"Individuals per arena",250,0.0079,20,20,NA,"","no",NA,NA,NA,NA,NA,NA,NA,"",1,"Macrobiotus richtersi","Adult","Tardigrade","2D","ectotherm","2D","Acrobeloides nanus","adult","nematode","ectotherm","Freshwater","Laboratory",14400,"seconds",259200,"seconds",79,"square cm",1,"individuals per arena","","Yes","wet mass","10.7","microgram","from author","wet mass",28,"nanogram","from author","Jeschke J. M. and K. Hohberg. 2008. Predicting and testing functional responses: An example from a tardigrade-nematode system. Basic and Applied Ecology 9:145-151.","from author"
"2331",40042,"new","Resource Consumption Rate","The number of resource consumed per number of consumers per time",43,"individual / (1 individual * 4 hour)",0.002986111,"Macrobiotus richtersi Murray 1911","Acrobeloides nanus ????","Macrobiotus richtersi Murray 1911 [adult]","Acrobeloides nanus ???? [adult]","active","surface","active","surface",1.07e-08,2.8e-11,"square meter",31645.56962,"Individuals per arena",250,0.0079,20,20,NA,"","no",NA,NA,NA,NA,NA,NA,NA,"",1,"Macrobiotus richtersi","Adult","Tardigrade","2D","ectotherm","2D","Acrobeloides nanus","adult","nematode","ectotherm","Freshwater","Laboratory",14400,"seconds",259200,"seconds",79,"square cm",1,"individuals per arena","","Yes","wet mass","10.7","microgram","from author","wet mass",28,"nanogram","from author","Jeschke J. M. and K. Hohberg. 2008. Predicting and testing functional responses: An example from a tardigrade-nematode system. Basic and Applied Ecology 9:145-151.","from author"
"2332",40042,"new","Resource Consumption Rate","The number of resource consumed per number of consumers per time",60,"individual / (1 individual * 4 hour)",0.004166667,"Macrobiotus richtersi Murray 1911","Acrobeloides nanus ????","Macrobiotus richtersi Murray 1911 [adult]","Acrobeloides nanus ???? [adult]","active","surface","active","surface",1.07e-08,2.8e-11,"square meter",31645.56962,"Individuals per arena",250,0.0079,20,20,NA,"","no",NA,NA,NA,NA,NA,NA,NA,"",1,"Macrobiotus richtersi","Adult","Tardigrade","2D","ectotherm","2D","Acrobeloides nanus","adult","nematode","ectotherm","Freshwater","Laboratory",14400,"seconds",259200,"seconds",79,"square cm",1,"individuals per arena","","Yes","wet mass","10.7","microgram","from author","wet mass",28,"nanogram","from author","Jeschke J. M. and K. Hohberg. 2008. Predicting and testing functional responses: An example from a tardigrade-nematode system. Basic and Applied Ecology 9:145-151.","from author"
"2333",40042,"new","Resource Consumption Rate","The number of resource consumed per number of consumers per time",63,"individual / (1 individual * 4 hour)",0.004375,"Macrobiotus richtersi Murray 1911","Acrobeloides nanus ????","Macrobiotus richtersi Murray 1911 [adult]","Acrobeloides nanus ???? [adult]","active","surface","active","surface",1.07e-08,2.8e-11,"square meter",31645.56962,"Individuals per arena",250,0.0079,20,20,NA,"","no",NA,NA,NA,NA,NA,NA,NA,"",1,"Macrobiotus richtersi","Adult","Tardigrade","2D","ectotherm","2D","Acrobeloides nanus","adult","nematode","ectotherm","Freshwater","Laboratory",14400,"seconds",259200,"seconds",79,"square cm",1,"individuals per arena","","Yes","wet mass","10.7","microgram","from author","wet mass",28,"nanogram","from author","Jeschke J. M. and K. Hohberg. 2008. Predicting and testing functional responses: An example from a tardigrade-nematode system. Basic and Applied Ecology 9:145-151.","from author"
"2334",40042,"new","Resource Consumption Rate","The number of resource consumed per number of consumers per time",49,"individual / (1 individual * 4 hour)",0.003402778,"Macrobiotus richtersi Murray 1911","Acrobeloides nanus ????","Macrobiotus richtersi Murray 1911 [adult]","Acrobeloides nanus ???? [adult]","active","surface","active","surface",1.07e-08,2.8e-11,"square meter",37974.68354,"Individuals per arena",300,0.0079,20,20,NA,"","no",NA,NA,NA,NA,NA,NA,NA,"",1,"Macrobiotus richtersi","Adult","Tardigrade","2D","ectotherm","2D","Acrobeloides nanus","adult","nematode","ectotherm","Freshwater","Laboratory",14400,"seconds",259200,"seconds",79,"square cm",1,"individuals per arena","","Yes","wet mass","10.7","microgram","from author","wet mass",28,"nanogram","from author","Jeschke J. M. and K. Hohberg. 2008. Predicting and testing functional responses: An example from a tardigrade-nematode system. Basic and Applied Ecology 9:145-151.","from author"
"2335",40042,"new","Resource Consumption Rate","The number of resource consumed per number of consumers per time",47,"individual / (1 individual * 4 hour)",0.003263889,"Macrobiotus richtersi Murray 1911","Acrobeloides nanus ????","Macrobiotus richtersi Murray 1911 [adult]","Acrobeloides nanus ???? [adult]","active","surface","active","surface",1.07e-08,2.8e-11,"square meter",37974.68354,"Individuals per arena",300,0.0079,20,20,NA,"","no",NA,NA,NA,NA,NA,NA,NA,"",1,"Macrobiotus richtersi","Adult","Tardigrade","2D","ectotherm","2D","Acrobeloides nanus","adult","nematode","ectotherm","Freshwater","Laboratory",14400,"seconds",259200,"seconds",79,"square cm",1,"individuals per arena","","Yes","wet mass","10.7","microgram","from author","wet mass",28,"nanogram","from author","Jeschke J. M. and K. Hohberg. 2008. Predicting and testing functional responses: An example from a tardigrade-nematode system. Basic and Applied Ecology 9:145-151.","from author"
"2336",40042,"new","Resource Consumption Rate","The number of resource consumed per number of consumers per time",26.5,"individual / (1 individual * 4 hour)",0.001840278,"Macrobiotus richtersi Murray 1911","Acrobeloides nanus ????","Macrobiotus richtersi Murray 1911 [adult]","Acrobeloides nanus ???? [adult]","active","surface","active","surface",1.07e-08,2.8e-11,"square meter",37974.68354,"Individuals per arena",300,0.0079,20,20,NA,"","no",NA,NA,NA,NA,NA,NA,NA,"",1,"Macrobiotus richtersi","Adult","Tardigrade","2D","ectotherm","2D","Acrobeloides nanus","adult","nematode","ectotherm","Freshwater","Laboratory",14400,"seconds",259200,"seconds",79,"square cm",1,"individuals per arena","","Yes","wet mass","10.7","microgram","from author","wet mass",28,"nanogram","from author","Jeschke J. M. and K. Hohberg. 2008. Predicting and testing functional responses: An example from a tardigrade-nematode system. Basic and Applied Ecology 9:145-151.","from author"
"2337",40042,"new","Resource Consumption Rate","The number of resource consumed per number of consumers per time",76,"individual / (1 individual * 4 hour)",0.005277778,"Macrobiotus richtersi Murray 1911","Acrobeloides nanus ????","Macrobiotus richtersi Murray 1911 [adult]","Acrobeloides nanus ???? [adult]","active","surface","active","surface",1.07e-08,2.8e-11,"square meter",37974.68354,"Individuals per arena",300,0.0079,20,20,NA,"","no",NA,NA,NA,NA,NA,NA,NA,"",1,"Macrobiotus richtersi","Adult","Tardigrade","2D","ectotherm","2D","Acrobeloides nanus","adult","nematode","ectotherm","Freshwater","Laboratory",14400,"seconds",259200,"seconds",79,"square cm",1,"individuals per arena","","Yes","wet mass","10.7","microgram","from author","wet mass",28,"nanogram","from author","Jeschke J. M. and K. Hohberg. 2008. Predicting and testing functional responses: An example from a tardigrade-nematode system. Basic and Applied Ecology 9:145-151.","from author"
"2338",40042,"new","Resource Consumption Rate","The number of resource consumed per number of consumers per time",34.5,"individual / (1 individual * 4 hour)",0.002395833,"Macrobiotus richtersi Murray 1911","Acrobeloides nanus ????","Macrobiotus richtersi Murray 1911 [adult]","Acrobeloides nanus ???? [adult]","active","surface","active","surface",1.07e-08,2.8e-11,"square meter",37974.68354,"Individuals per arena",300,0.0079,20,20,NA,"","no",NA,NA,NA,NA,NA,NA,NA,"",1,"Macrobiotus richtersi","Adult","Tardigrade","2D","ectotherm","2D","Acrobeloides nanus","adult","nematode","ectotherm","Freshwater","Laboratory",14400,"seconds",259200,"seconds",79,"square cm",1,"individuals per arena","","Yes","wet mass","10.7","microgram","from author","wet mass",28,"nanogram","from author","Jeschke J. M. and K. Hohberg. 2008. Predicting and testing functional responses: An example from a tardigrade-nematode system. Basic and Applied Ecology 9:145-151.","from author"
"2339",40042,"new","Resource Consumption Rate","The number of resource consumed per number of consumers per time",59,"individual / (1 individual * 4 hour)",0.004097222,"Macrobiotus richtersi Murray 1911","Acrobeloides nanus ????","Macrobiotus richtersi Murray 1911 [adult]","Acrobeloides nanus ???? [adult]","active","surface","active","surface",1.07e-08,2.8e-11,"square meter",37974.68354,"Individuals per arena",300,0.0079,20,20,NA,"","no",NA,NA,NA,NA,NA,NA,NA,"",1,"Macrobiotus richtersi","Adult","Tardigrade","2D","ectotherm","2D","Acrobeloides nanus","adult","nematode","ectotherm","Freshwater","Laboratory",14400,"seconds",259200,"seconds",79,"square cm",1,"individuals per arena","","Yes","wet mass","10.7","microgram","from author","wet mass",28,"nanogram","from author","Jeschke J. M. and K. Hohberg. 2008. Predicting and testing functional responses: An example from a tardigrade-nematode system. Basic and Applied Ecology 9:145-151.","from author"
"2340",40042,"new","Resource Consumption Rate","The number of resource consumed per number of consumers per time",27,"individual / (1 individual * 4 hour)",0.001875,"Macrobiotus richtersi Murray 1911","Acrobeloides nanus ????","Macrobiotus richtersi Murray 1911 [adult]","Acrobeloides nanus ???? [adult]","active","surface","active","surface",1.07e-08,2.8e-11,"square meter",37974.68354,"Individuals per arena",300,0.0079,20,20,NA,"","no",NA,NA,NA,NA,NA,NA,NA,"",1,"Macrobiotus richtersi","Adult","Tardigrade","2D","ectotherm","2D","Acrobeloides nanus","adult","nematode","ectotherm","Freshwater","Laboratory",14400,"seconds",259200,"seconds",79,"square cm",1,"individuals per arena","","Yes","wet mass","10.7","microgram","from author","wet mass",28,"nanogram","from author","Jeschke J. M. and K. Hohberg. 2008. Predicting and testing functional responses: An example from a tardigrade-nematode system. Basic and Applied Ecology 9:145-151.","from author"
"2341",40042,"new","Resource Consumption Rate","The number of resource consumed per number of consumers per time",78,"individual / (1 individual * 4 hour)",0.005416667,"Macrobiotus richtersi Murray 1911","Acrobeloides nanus ????","Macrobiotus richtersi Murray 1911 [adult]","Acrobeloides nanus ???? [adult]","active","surface","active","surface",1.07e-08,2.8e-11,"square meter",37974.68354,"Individuals per arena",300,0.0079,20,20,NA,"","no",NA,NA,NA,NA,NA,NA,NA,"",1,"Macrobiotus richtersi","Adult","Tardigrade","2D","ectotherm","2D","Acrobeloides nanus","adult","nematode","ectotherm","Freshwater","Laboratory",14400,"seconds",259200,"seconds",79,"square cm",1,"individuals per arena","","Yes","wet mass","10.7","microgram","from author","wet mass",28,"nanogram","from author","Jeschke J. M. and K. Hohberg. 2008. Predicting and testing functional responses: An example from a tardigrade-nematode system. Basic and Applied Ecology 9:145-151.","from author"
"2342",40042,"new","Resource Consumption Rate","The number of resource consumed per number of consumers per time",84,"individual / (1 individual * 4 hour)",0.005833333,"Macrobiotus richtersi Murray 1911","Acrobeloides nanus ????","Macrobiotus richtersi Murray 1911 [adult]","Acrobeloides nanus ???? [adult]","active","surface","active","surface",1.07e-08,2.8e-11,"square meter",44303.79747,"Individuals per arena",350,0.0079,20,20,NA,"","no",NA,NA,NA,NA,NA,NA,NA,"",1,"Macrobiotus richtersi","Adult","Tardigrade","2D","ectotherm","2D","Acrobeloides nanus","adult","nematode","ectotherm","Freshwater","Laboratory",14400,"seconds",259200,"seconds",79,"square cm",1,"individuals per arena","","Yes","wet mass","10.7","microgram","from author","wet mass",28,"nanogram","from author","Jeschke J. M. and K. Hohberg. 2008. Predicting and testing functional responses: An example from a tardigrade-nematode system. Basic and Applied Ecology 9:145-151.","from author"
"2343",40042,"new","Resource Consumption Rate","The number of resource consumed per number of consumers per time",79.5,"individual / (1 individual * 4 hour)",0.005520833,"Macrobiotus richtersi Murray 1911","Acrobeloides nanus ????","Macrobiotus richtersi Murray 1911 [adult]","Acrobeloides nanus ???? [adult]","active","surface","active","surface",1.07e-08,2.8e-11,"square meter",44303.79747,"Individuals per arena",350,0.0079,20,20,NA,"","no",NA,NA,NA,NA,NA,NA,NA,"",1,"Macrobiotus richtersi","Adult","Tardigrade","2D","ectotherm","2D","Acrobeloides nanus","adult","nematode","ectotherm","Freshwater","Laboratory",14400,"seconds",259200,"seconds",79,"square cm",1,"individuals per arena","","Yes","wet mass","10.7","microgram","from author","wet mass",28,"nanogram","from author","Jeschke J. M. and K. Hohberg. 2008. Predicting and testing functional responses: An example from a tardigrade-nematode system. Basic and Applied Ecology 9:145-151.","from author"
"2344",40042,"new","Resource Consumption Rate","The number of resource consumed per number of consumers per time",56.5,"individual / (1 individual * 4 hour)",0.003923611,"Macrobiotus richtersi Murray 1911","Acrobeloides nanus ????","Macrobiotus richtersi Murray 1911 [adult]","Acrobeloides nanus ???? [adult]","active","surface","active","surface",1.07e-08,2.8e-11,"square meter",44303.79747,"Individuals per arena",350,0.0079,20,20,NA,"","no",NA,NA,NA,NA,NA,NA,NA,"",1,"Macrobiotus richtersi","Adult","Tardigrade","2D","ectotherm","2D","Acrobeloides nanus","adult","nematode","ectotherm","Freshwater","Laboratory",14400,"seconds",259200,"seconds",79,"square cm",1,"individuals per arena","","Yes","wet mass","10.7","microgram","from author","wet mass",28,"nanogram","from author","Jeschke J. M. and K. Hohberg. 2008. Predicting and testing functional responses: An example from a tardigrade-nematode system. Basic and Applied Ecology 9:145-151.","from author"
"2345",40042,"new","Resource Consumption Rate","The number of resource consumed per number of consumers per time",41,"individual / (1 individual * 4 hour)",0.002847222,"Macrobiotus richtersi Murray 1911","Acrobeloides nanus ????","Macrobiotus richtersi Murray 1911 [adult]","Acrobeloides nanus ???? [adult]","active","surface","active","surface",1.07e-08,2.8e-11,"square meter",44303.79747,"Individuals per arena",350,0.0079,20,20,NA,"","no",NA,NA,NA,NA,NA,NA,NA,"",1,"Macrobiotus richtersi","Adult","Tardigrade","2D","ectotherm","2D","Acrobeloides nanus","adult","nematode","ectotherm","Freshwater","Laboratory",14400,"seconds",259200,"seconds",79,"square cm",1,"individuals per arena","","Yes","wet mass","10.7","microgram","from author","wet mass",28,"nanogram","from author","Jeschke J. M. and K. Hohberg. 2008. Predicting and testing functional responses: An example from a tardigrade-nematode system. Basic and Applied Ecology 9:145-151.","from author"
"2346",40042,"new","Resource Consumption Rate","The number of resource consumed per number of consumers per time",41.5,"individual / (1 individual * 4 hour)",0.002881944,"Macrobiotus richtersi Murray 1911","Acrobeloides nanus ????","Macrobiotus richtersi Murray 1911 [adult]","Acrobeloides nanus ???? [adult]","active","surface","active","surface",1.07e-08,2.8e-11,"square meter",44303.79747,"Individuals per arena",350,0.0079,20,20,NA,"","no",NA,NA,NA,NA,NA,NA,NA,"",1,"Macrobiotus richtersi","Adult","Tardigrade","2D","ectotherm","2D","Acrobeloides nanus","adult","nematode","ectotherm","Freshwater","Laboratory",14400,"seconds",259200,"seconds",79,"square cm",1,"individuals per arena","","Yes","wet mass","10.7","microgram","from author","wet mass",28,"nanogram","from author","Jeschke J. M. and K. Hohberg. 2008. Predicting and testing functional responses: An example from a tardigrade-nematode system. Basic and Applied Ecology 9:145-151.","from author"
"2347",40042,"new","Resource Consumption Rate","The number of resource consumed per number of consumers per time",86,"individual / (1 individual * 4 hour)",0.005972222,"Macrobiotus richtersi Murray 1911","Acrobeloides nanus ????","Macrobiotus richtersi Murray 1911 [adult]","Acrobeloides nanus ???? [adult]","active","surface","active","surface",1.07e-08,2.8e-11,"square meter",44303.79747,"Individuals per arena",350,0.0079,20,20,NA,"","no",NA,NA,NA,NA,NA,NA,NA,"",1,"Macrobiotus richtersi","Adult","Tardigrade","2D","ectotherm","2D","Acrobeloides nanus","adult","nematode","ectotherm","Freshwater","Laboratory",14400,"seconds",259200,"seconds",79,"square cm",1,"individuals per arena","","Yes","wet mass","10.7","microgram","from author","wet mass",28,"nanogram","from author","Jeschke J. M. and K. Hohberg. 2008. Predicting and testing functional responses: An example from a tardigrade-nematode system. Basic and Applied Ecology 9:145-151.","from author"
"2348",40042,"new","Resource Consumption Rate","The number of resource consumed per number of consumers per time",59.5,"individual / (1 individual * 4 hour)",0.004131944,"Macrobiotus richtersi Murray 1911","Acrobeloides nanus ????","Macrobiotus richtersi Murray 1911 [adult]","Acrobeloides nanus ???? [adult]","active","surface","active","surface",1.07e-08,2.8e-11,"square meter",44303.79747,"Individuals per arena",350,0.0079,20,20,NA,"","no",NA,NA,NA,NA,NA,NA,NA,"",1,"Macrobiotus richtersi","Adult","Tardigrade","2D","ectotherm","2D","Acrobeloides nanus","adult","nematode","ectotherm","Freshwater","Laboratory",14400,"seconds",259200,"seconds",79,"square cm",1,"individuals per arena","","Yes","wet mass","10.7","microgram","from author","wet mass",28,"nanogram","from author","Jeschke J. M. and K. Hohberg. 2008. Predicting and testing functional responses: An example from a tardigrade-nematode system. Basic and Applied Ecology 9:145-151.","from author"
"2349",40042,"new","Resource Consumption Rate","The number of resource consumed per number of consumers per time",36,"individual / (1 individual * 4 hour)",0.0025,"Macrobiotus richtersi Murray 1911","Acrobeloides nanus ????","Macrobiotus richtersi Murray 1911 [adult]","Acrobeloides nanus ???? [adult]","active","surface","active","surface",1.07e-08,2.8e-11,"square meter",44303.79747,"Individuals per arena",350,0.0079,20,20,NA,"","no",NA,NA,NA,NA,NA,NA,NA,"",1,"Macrobiotus richtersi","Adult","Tardigrade","2D","ectotherm","2D","Acrobeloides nanus","adult","nematode","ectotherm","Freshwater","Laboratory",14400,"seconds",259200,"seconds",79,"square cm",1,"individuals per arena","","Yes","wet mass","10.7","microgram","from author","wet mass",28,"nanogram","from author","Jeschke J. M. and K. Hohberg. 2008. Predicting and testing functional responses: An example from a tardigrade-nematode system. Basic and Applied Ecology 9:145-151.","from author"
"2350",40042,"new","Resource Consumption Rate","The number of resource consumed per number of consumers per time",50,"individual / (1 individual * 4 hour)",0.003472222,"Macrobiotus richtersi Murray 1911","Acrobeloides nanus ????","Macrobiotus richtersi Murray 1911 [adult]","Acrobeloides nanus ???? [adult]","active","surface","active","surface",1.07e-08,2.8e-11,"square meter",50632.91139,"Individuals per arena",400,0.0079,20,20,NA,"","no",NA,NA,NA,NA,NA,NA,NA,"",1,"Macrobiotus richtersi","Adult","Tardigrade","2D","ectotherm","2D","Acrobeloides nanus","adult","nematode","ectotherm","Freshwater","Laboratory",14400,"seconds",259200,"seconds",79,"square cm",1,"individuals per arena","","Yes","wet mass","10.7","microgram","from author","wet mass",28,"nanogram","from author","Jeschke J. M. and K. Hohberg. 2008. Predicting and testing functional responses: An example from a tardigrade-nematode system. Basic and Applied Ecology 9:145-151.","from author"
"2351",40042,"new","Resource Consumption Rate","The number of resource consumed per number of consumers per time",31.5,"individual / (1 individual * 4 hour)",0.0021875,"Macrobiotus richtersi Murray 1911","Acrobeloides nanus ????","Macrobiotus richtersi Murray 1911 [adult]","Acrobeloides nanus ???? [adult]","active","surface","active","surface",1.07e-08,2.8e-11,"square meter",50632.91139,"Individuals per arena",400,0.0079,20,20,NA,"","no",NA,NA,NA,NA,NA,NA,NA,"",1,"Macrobiotus richtersi","Adult","Tardigrade","2D","ectotherm","2D","Acrobeloides nanus","adult","nematode","ectotherm","Freshwater","Laboratory",14400,"seconds",259200,"seconds",79,"square cm",1,"individuals per arena","","Yes","wet mass","10.7","microgram","from author","wet mass",28,"nanogram","from author","Jeschke J. M. and K. Hohberg. 2008. Predicting and testing functional responses: An example from a tardigrade-nematode system. Basic and Applied Ecology 9:145-151.","from author"
"2352",40042,"new","Resource Consumption Rate","The number of resource consumed per number of consumers per time",25,"individual / (1 individual * 4 hour)",0.001736111,"Macrobiotus richtersi Murray 1911","Acrobeloides nanus ????","Macrobiotus richtersi Murray 1911 [adult]","Acrobeloides nanus ???? [adult]","active","surface","active","surface",1.07e-08,2.8e-11,"square meter",50632.91139,"Individuals per arena",400,0.0079,20,20,NA,"","no",NA,NA,NA,NA,NA,NA,NA,"",1,"Macrobiotus richtersi","Adult","Tardigrade","2D","ectotherm","2D","Acrobeloides nanus","adult","nematode","ectotherm","Freshwater","Laboratory",14400,"seconds",259200,"seconds",79,"square cm",1,"individuals per arena","","Yes","wet mass","10.7","microgram","from author","wet mass",28,"nanogram","from author","Jeschke J. M. and K. Hohberg. 2008. Predicting and testing functional responses: An example from a tardigrade-nematode system. Basic and Applied Ecology 9:145-151.","from author"
"2353",40042,"new","Resource Consumption Rate","The number of resource consumed per number of consumers per time",37,"individual / (1 individual * 4 hour)",0.002569444,"Macrobiotus richtersi Murray 1911","Acrobeloides nanus ????","Macrobiotus richtersi Murray 1911 [adult]","Acrobeloides nanus ???? [adult]","active","surface","active","surface",1.07e-08,2.8e-11,"square meter",50632.91139,"Individuals per arena",400,0.0079,20,20,NA,"","no",NA,NA,NA,NA,NA,NA,NA,"",1,"Macrobiotus richtersi","Adult","Tardigrade","2D","ectotherm","2D","Acrobeloides nanus","adult","nematode","ectotherm","Freshwater","Laboratory",14400,"seconds",259200,"seconds",79,"square cm",1,"individuals per arena","","Yes","wet mass","10.7","microgram","from author","wet mass",28,"nanogram","from author","Jeschke J. M. and K. Hohberg. 2008. Predicting and testing functional responses: An example from a tardigrade-nematode system. Basic and Applied Ecology 9:145-151.","from author"
"2354",40042,"new","Resource Consumption Rate","The number of resource consumed per number of consumers per time",70,"individual / (1 individual * 4 hour)",0.004861111,"Macrobiotus richtersi Murray 1911","Acrobeloides nanus ????","Macrobiotus richtersi Murray 1911 [adult]","Acrobeloides nanus ???? [adult]","active","surface","active","surface",1.07e-08,2.8e-11,"square meter",50632.91139,"Individuals per arena",400,0.0079,20,20,NA,"","no",NA,NA,NA,NA,NA,NA,NA,"",1,"Macrobiotus richtersi","Adult","Tardigrade","2D","ectotherm","2D","Acrobeloides nanus","adult","nematode","ectotherm","Freshwater","Laboratory",14400,"seconds",259200,"seconds",79,"square cm",1,"individuals per arena","","Yes","wet mass","10.7","microgram","from author","wet mass",28,"nanogram","from author","Jeschke J. M. and K. Hohberg. 2008. Predicting and testing functional responses: An example from a tardigrade-nematode system. Basic and Applied Ecology 9:145-151.","from author"
"2355",40042,"new","Resource Consumption Rate","The number of resource consumed per number of consumers per time",27,"individual / (1 individual * 4 hour)",0.001875,"Macrobiotus richtersi Murray 1911","Acrobeloides nanus ????","Macrobiotus richtersi Murray 1911 [adult]","Acrobeloides nanus ???? [adult]","active","surface","active","surface",1.07e-08,2.8e-11,"square meter",50632.91139,"Individuals per arena",400,0.0079,20,20,NA,"","no",NA,NA,NA,NA,NA,NA,NA,"",1,"Macrobiotus richtersi","Adult","Tardigrade","2D","ectotherm","2D","Acrobeloides nanus","adult","nematode","ectotherm","Freshwater","Laboratory",14400,"seconds",259200,"seconds",79,"square cm",1,"individuals per arena","","Yes","wet mass","10.7","microgram","from author","wet mass",28,"nanogram","from author","Jeschke J. M. and K. Hohberg. 2008. Predicting and testing functional responses: An example from a tardigrade-nematode system. Basic and Applied Ecology 9:145-151.","from author"
"2356",40042,"new","Resource Consumption Rate","The number of resource consumed per number of consumers per time",33,"individual / (1 individual * 4 hour)",0.002291667,"Macrobiotus richtersi Murray 1911","Acrobeloides nanus ????","Macrobiotus richtersi Murray 1911 [adult]","Acrobeloides nanus ???? [adult]","active","surface","active","surface",1.07e-08,2.8e-11,"square meter",50632.91139,"Individuals per arena",400,0.0079,20,20,NA,"","no",NA,NA,NA,NA,NA,NA,NA,"",1,"Macrobiotus richtersi","Adult","Tardigrade","2D","ectotherm","2D","Acrobeloides nanus","adult","nematode","ectotherm","Freshwater","Laboratory",14400,"seconds",259200,"seconds",79,"square cm",1,"individuals per arena","","Yes","wet mass","10.7","microgram","from author","wet mass",28,"nanogram","from author","Jeschke J. M. and K. Hohberg. 2008. Predicting and testing functional responses: An example from a tardigrade-nematode system. Basic and Applied Ecology 9:145-151.","from author"
"2357",40042,"new","Resource Consumption Rate","The number of resource consumed per number of consumers per time",68,"individual / (1 individual * 4 hour)",0.004722222,"Macrobiotus richtersi Murray 1911","Acrobeloides nanus ????","Macrobiotus richtersi Murray 1911 [adult]","Acrobeloides nanus ???? [adult]","active","surface","active","surface",1.07e-08,2.8e-11,"square meter",50632.91139,"Individuals per arena",400,0.0079,20,20,NA,"","no",NA,NA,NA,NA,NA,NA,NA,"",1,"Macrobiotus richtersi","Adult","Tardigrade","2D","ectotherm","2D","Acrobeloides nanus","adult","nematode","ectotherm","Freshwater","Laboratory",14400,"seconds",259200,"seconds",79,"square cm",1,"individuals per arena","","Yes","wet mass","10.7","microgram","from author","wet mass",28,"nanogram","from author","Jeschke J. M. and K. Hohberg. 2008. Predicting and testing functional responses: An example from a tardigrade-nematode system. Basic and Applied Ecology 9:145-151.","from author"
